0,0,0,0,0,0,0,136,783.2,1623.2,2142.7,2400.7,2493.1,2500.5,1326.9,589.2,184.2,54.9,0,0,0,0,0,0
0,0,0,0,0,0,0,47.3,261.1,407.3,444.8,607.2,336.8,124.8,97.6,105,274.8,79,0,0,0,0,0,0
0,0,0,0,0,0,0,154,857.9,722.3,2087.6,2380.9,2546.2,1499.4,1248.1,450.7,217.8,39,0,0,0,0,0,0
0,0,0,0,0,0,0,135.4,884.6,1310.6,1664.3,2221.2,1929.2,2068.7,2172.1,1707.9,554.7,62.7,0,0,0,0,0,0
0,0,0,0,0,0,0,44,607.8,1307.4,1138.5,2105.6,1253.5,876.7,467.3,358.1,564.5,75,0,0,0,0,0,0
0,0,0,0,0,0,0,58.3,539.2,1267.1,1630.1,2153.4,1702.8,1621.1,1399.7,1005.5,571.3,73.9,0,0,0,0,0,0
0,0,0,0,0,0,0,31.4,355.2,946.2,1706.9,1821.3,2491.2,2209.2,1539.6,908.3,175.6,43.4,0,0,0,0,0,0
0,0,0,0,0,0,0,37.1,213.3,353.6,801.5,1978.8,2172.6,1552.9,582.2,1444.3,502.4,84.5,0,0,0,0,0,0
0,0,0,0,0,0,0,166.1,830.4,1589.8,1931.7,1984.9,1980.3,2722.3,1383.7,1038,740.4,92.2,0,0,0,0,0,0
0,0,0,0,0,0,0,38.3,218,1111.5,1871.5,1427.2,967.3,939.9,1073.4,664.6,95.1,29.7,0,0,0,0,0,0
0,0,0,0,0,0,0,38.6,78.5,164.6,235.8,252.6,241.8,230.4,183.4,96.2,115.3,30.4,0,0,0,0,0,0
0,0,0,0,0,0,0,38.5,195,453.8,1180.3,1013,674.3,329.6,1069,973.9,783.3,358.1,0,0,0,0,0,0
0,0,0,0,0,0,0,54.2,260.6,1121.4,1167.1,1773.5,2398.6,2318,1871.1,1688.6,980.1,197.9,0,0,0,0,0,0
0,0,0,0,0,0,0,22.9,139.9,242,399.7,370.9,512.3,512.4,260.8,150.4,81.1,31.2,0,0,0,0,0,0
0,0,0,0,0,0,0,7.7,38.9,109.2,219.3,365.6,275.3,376.5,387.5,151.6,109.8,37.8,0,0,0,0,0,0
0,0,0,0,0,0,0,15.6,109.5,165.3,288.9,284.3,251.9,126.6,167.3,213.1,124.9,36.9,0,0,0,0,0,0
0,0,0,0,0,0,0,14.5,236.2,1578.5,587.1,717.9,1893,1631.9,1650.1,1520.4,1186,434.1,0,0,0,0,0,0
0,0,0,0,0,0,0,43.9,172.8,499.1,597.6,664,1062.6,237.8,88,77,29.5,22.8,0,0,0,0,0,0
0,0,0,0,0,0,0,15.6,46.7,144.9,334.8,481.5,478.9,332.3,134.1,142.6,108.7,80.9,0,0,0,0,0,0
0,0,0,0,0,0,0,7.5,43.5,116.8,302.8,878.6,1745.7,2638.8,2434.2,1475,290.1,123.6,0,0,0,0,0,0
0,0,0,0,0,0,0,23.7,121.7,262.5,329.2,473.6,328,436.4,1956.4,450.8,571.4,75.1,0,0,0,0,0,0
0,0,0,0,0,0,0,30,81.7,242.9,405.2,639.5,1671.3,2172.1,1523.5,594.1,924.4,335.6,0,0,0,0,0,0
0,0,0,0,0,0,0,36.5,180.6,397,527.8,748.4,471.5,1047.8,952.2,560.9,109.1,52.9,0,0,0,0,0,0
0,0,0,0,0,0,0,70.8,415.9,1068,1644.2,618.3,577.4,370.2,418.2,925.5,304.4,95.8,7.7,0,0,0,0,0
0,0,0,0,0,0,0,45.5,112.9,267.8,198.4,243.6,337.2,816.8,910.2,1185.5,569.5,126,0,0,0,0,0,0
0,0,0,0,0,0,0,169.7,415.9,1270.5,1803.9,2484.7,2062.4,823.4,395.6,311.9,501,65.2,0,0,0,0,0,0
0,0,0,0,0,0,0,7.6,29.6,114.6,191.9,249.1,176,189.6,158.7,175.1,95.2,66,7.7,0,0,0,0,0
0,0,0,0,0,0,0,36.5,239.3,867.8,539.2,961.3,1273,1102.7,1542.7,1098.7,160.8,44.3,0,0,0,0,0,0
0,0,0,0,0,0,0,197,992.9,1660.7,1967.2,2087.5,1152.6,2385.9,2134.3,1976.9,702.7,363.3,7.7,0,0,0,0,0
0,0,0,0,0,0,0,51.3,208.5,376.5,2039.2,2477.7,2737.3,2458,2097.3,1540.6,839.6,226.4,15,0,0,0,0,0
0,0,0,0,0,0,0,37.9,335.7,728.4,628,544.4,1333,2715,2413.5,1932.2,695.8,123.1,7.8,0,0,0,0,0
0,0,0,0,0,0,0,158.6,868.5,1547.3,2036.6,2611.5,2592.1,2714.9,2259.1,1621,1047.3,210.5,7.8,0,0,0,0,0
0,0,0,0,0,0,0,22.7,122.7,241.2,248.3,266.7,362.6,313.4,482,202.6,138,76.3,0,0,0,0,0,0
0,0,0,0,0,0,0,23.8,114.9,86.4,301.6,395.9,147.2,319,501,141.7,83.1,39.2,0,0,0,0,0,0
0,0,0,0,0,0,0,29.3,117.5,273.5,546.4,639.7,703.2,460.6,583.3,529.7,322,111.9,7.7,0,0,0,0,0
0,0,0,0,0,0,0,52.8,882.1,1137.4,1410.8,1745.3,729.3,543.9,452.5,558.5,451.1,257.4,15.2,0,0,0,0,0
0,0,0,0,0,0,0,21.9,128.5,223.9,639.3,928.7,876.1,756.6,449.5,296.5,266.7,140.9,0,0,0,0,0,0
0,0,0,0,0,0,0,14.6,51.5,76.5,151.4,346.2,342.9,348.2,145.9,173.9,143.3,63.1,7.3,0,0,0,0,0
0,0,0,0,0,0,0,22,65.3,158.2,219.5,477.3,526.9,607.3,1168.1,819.8,378.8,117,7.5,0,0,0,0,0
0,0,0,0,0,0,0,52.3,504.7,1415.4,595.7,1194.8,1436.3,1334.8,1861.1,1601,868.5,331.5,15.7,0,0,0,0,0
0,0,0,0,0,0,0,51.4,588.2,1216.7,951.8,624.4,994.7,734,1621.8,996.4,827.3,69.6,7.8,0,0,0,0,0
0,0,0,0,0,0,0,22.9,130.7,173.3,331.5,76.3,123.6,241.3,377.6,415.7,382.1,96.7,7.4,0,0,0,0,0
0,0,0,0,0,0,0,63.2,256.4,1356.6,1571.9,2113.3,2085.9,2121.1,1479.7,665.8,308.4,169,7.6,0,0,0,0,0
0,0,0,0,0,0,0,37,137,226.6,237.8,485.3,1403.7,897.3,708.9,379.2,108.6,44.9,7.5,0,0,0,0,0
0,0,0,0,0,0,0,169.6,587.5,1059.3,2092.4,1881.2,1935,1539.9,680.6,742.5,344.9,187.7,15.5,0,0,0,0,0
0,0,0,0,0,0,0,46.7,78.5,188.1,387.6,453.8,623,686.2,1019.1,390.8,379.2,107.1,15.2,0,0,0,0,0
0,0,0,0,0,0,0,30.7,180.1,154.3,179.4,187.1,295.2,320.2,247.1,246.8,119.6,55.2,7.3,0,0,0,0,0
0,0,0,0,0,0,0,37.1,127,194.3,315.6,1294,1120,1569.8,974.1,514.4,110.3,44.2,7.5,0,0,0,0,0
0,0,0,0,0,0,0,62.1,305,685.1,477.5,644.5,1437.4,1539.5,1590.9,723.3,190.6,75.9,7.4,0,0,0,0,0
0,0,0,0,0,0,0,280.3,749.6,1450.3,1292.9,1997.3,2510.1,1828.6,2210.1,1233.4,494.3,205.9,15.2,0,0,0,0,0
0,0,0,0,0,0,0,364.1,1078.7,1677.8,2160,2511.9,2760.7,2717.3,2443.2,2039.4,1389.4,650.9,38,0,0,0,0,0
0,0,0,0,0,0,0,297.2,1162.4,1379.3,1882.7,2128,2827.9,2491.9,2127.9,1599.6,1025.7,357.1,29.9,0,0,0,0,0
0,0,0,0,0,0,0,185.8,473.7,851.4,1729.6,1691.2,2464.7,1946.9,1268.8,1628.8,1568.1,610.4,21.8,0,0,0,0,0
0,0,0,0,0,0,0,92.6,462.3,261.1,261.3,296.4,676.6,2120.3,1301.2,466.5,387.4,157.7,15.6,0,0,0,0,0
0,0,0,0,0,0,0,274.2,972.4,1492,2038.6,2388.3,2371.1,2683,2343.9,1956.2,1320.3,544.4,46.1,0,0,0,0,0
0,0,0,0,0,0,0,202.5,956.3,1623.8,1719.3,1907.7,2333.9,2317.9,2391.3,1685.3,1278,582.8,43.6,0,0,0,0,0
0,0,0,0,0,0,0,94,278.5,1184.4,2173.5,2348.5,1195.4,1592.1,229.1,238.8,412.6,398.5,45.6,0,0,0,0,0
0,0,0,0,0,0,0,220,540.6,1071.3,1334.7,2022,2349.6,2497.1,2370,1771.9,1004.7,374.6,44.2,0,0,0,0,0
0,0,0,0,0,0,0,325.8,948.1,1336.4,1732.2,2227,2352.2,2269.4,1701.8,1284.3,1214.2,598.9,45.5,0,0,0,0,0
0,0,0,0,0,0,0,22.7,180.6,886.3,1471.8,1097.7,917.2,1569.5,2229.4,1785.3,1157.7,382.5,23.7,0,0,0,0,0
0,0,0,0,0,0,0,29.2,153,284,692.2,699.9,336.2,455.1,321.3,182.1,67.3,31.4,0,0,0,0,0,0
0,0,0,0,0,0,0,15.5,37.2,78.5,630.1,681.7,436.4,402.9,205.7,239.9,244.3,91.5,7.9,0,0,0,0,0
0,0,0,0,0,0,0,59,181.3,661.1,1080.2,942,1954,1492.7,1362.3,864.4,1016,185.3,39.1,0,0,0,0,0
0,0,0,0,0,0,7.4,332.4,1111.1,1851.8,2461.2,2681.4,2802.8,2736.9,2584.9,1967.6,1320.6,581.1,45.8,0,0,0,0,0
0,0,0,0,0,0,7.8,44,153.5,184.1,197.8,320.5,388.7,473.6,352.9,170.5,62.9,15.1,7.3,0,0,0,0,0
0,0,0,0,0,0,0,38.8,183.4,341.3,237.2,734.2,1565.1,1158.7,829.1,829.1,195.9,67.7,7.6,0,0,0,0,0
0,0,0,0,0,0,7.4,86.2,157.2,349,1755.1,1767.6,1639.1,2191.1,1275.9,1144.4,452.5,138.7,23.8,0,0,0,0,0
0,0,0,0,0,0,7.9,366.6,1098.8,1800.2,2444.1,1167,1363.9,1042,1021.9,1407.4,488.5,577.9,55,0,0,0,0,0
0,0,0,0,0,0,7.5,273.1,996,1626.4,2204.3,2519.1,2723.3,2623.6,2395.3,1744.2,1109.4,403.1,30,0,0,0,0,0
0,0,0,0,0,0,7.5,372.4,1083.7,1690.7,1786.9,2433.3,2783.8,2541,2337.9,1850.8,1194.1,503.9,55.4,0,0,0,0,0
0,0,0,0,0,0,7.5,220.4,969,1308.2,2112.3,2475.2,2645.5,2691.7,2219.1,1128.6,369.9,147.8,14.8,0,0,0,0,0
0,0,0,0,0,0,0,45.2,78.8,338,547.3,569.2,1467.8,540.9,260.1,289.1,157.2,93.2,22.7,0,0,0,0,0
0,0,0,0,0,0,7.6,137.4,205.4,165.3,818.6,545.6,736.2,744.8,510.1,398.5,355.8,98.5,7.8,0,0,0,0,0
0,0,0,0,0,0,15.9,295.3,912.8,1067,1954,2324.3,1745.7,2768.5,2592.1,1888.8,754.4,647.9,70.5,0,0,0,0,0
0,0,0,0,0,0,22.6,398.1,1253.7,2035.1,2140.3,1858.7,1781.9,2643.2,1334.8,1279,597.3,253.8,36.3,0,0,0,0,0
0,0,0,0,0,0,15.7,290.9,871.2,1761.7,2189,2188,2267.9,2612.3,2307.6,1510.8,920.3,311.7,31.6,0,0,0,0,0
0,0,0,0,0,0,23.7,237.2,148.7,162.9,348,378.3,402.2,521.2,324.7,262.4,130.1,60.5,7.9,0,0,0,0,0
0,0,0,0,0,0,15.4,146.7,822.2,964.6,1545.5,1972.9,1952.7,1863.8,1524.9,1169.4,989.5,229.2,38.2,0,0,0,0,0
0,0,0,0,0,0,7.3,117.9,688.3,1227.8,973.6,748.2,1187.6,601.6,956.8,1356.6,602.2,274.7,31,0,0,0,0,0
0,0,0,0,0,0,23.5,326.7,739.9,1466.9,1767.8,2438.8,2605.3,2702,1655.9,795.3,968.9,224.9,46.3,0,0,0,0,0
0,0,0,0,0,0,7.8,86.8,123.8,515.7,703.8,686.6,597.6,613.5,528.9,948.9,669,208.3,44.6,0,0,0,0,0
0,0,0,0,0,0,22.7,204.7,668.5,1027.7,1508.3,1039.8,694.3,376.2,868.5,950.6,369.9,50.7,7.9,0,0,0,0,0
0,0,0,0,0,0,15.4,122.3,175.9,635.9,1194.6,1359.9,558.9,290.7,440.2,1049.9,669.1,385,51.2,0,0,0,0,0
0,0,0,0,0,0,30.4,343.5,854.4,1030.3,1182.9,1369.5,1740.1,2064.9,1973.4,1149.9,445.1,70.5,15.3,0,0,0,0,0
0,0,0,0,0,0,14.5,99.2,193.8,134.6,388.6,835.3,939.3,436.8,506,495.5,213.5,149.7,36.5,0,0,0,0,0
0,0,0,0,0,0,7.6,57.7,137,133.8,179.4,211.3,122.2,147.9,223.5,216.4,148.9,39.2,0,0,0,0,0,0
0,0,0,0,0,0,7.5,132.1,617,1287.2,1713.7,1875.1,1501.3,1526.6,1284.3,1201.6,839.9,234,52.1,0,0,0,0,0
0,0,0,0,0,0,30.8,227.2,873.7,1161.4,1635.6,1838.8,341.2,477.3,1875.9,1595.3,1023.8,383.4,51.7,0,0,0,0,0
0,0,0,0,0,0,15.3,60,260.1,123.4,148.8,250.3,569.7,321.6,178.6,111.3,89.7,58.2,7.6,0,0,0,0,0
0,0,0,0,0,0,7.8,106.4,780.8,1228.8,1322.8,1081.7,1289.8,860.4,800,1017.2,165.3,151.8,23.6,0,0,0,0,0
0,0,0,0,0,0,15.4,59.6,69.3,197.4,158.9,253.9,305.3,355.5,678.5,599.7,168.3,59,15.7,0,0,0,0,0
0,0,0,0,0,0,7.5,55,225.2,214.4,337.5,1217.3,906.1,350.2,711,301.1,148.9,88.4,14.9,0,0,0,0,0
0,0,0,0,0,0,0,54.4,140,306.2,898.1,769.7,871,1682.8,597.1,459.6,519.8,260.1,55,0,0,0,0,0
0,0,0,0,0,0,57.9,448.3,1147.5,1662.2,2182.4,2455.5,2709.1,2656.1,2313.3,1581.3,1065.1,374.3,52.5,0,0,0,0,0
0,0,0,0,0,0,15.3,72.4,139.1,197.4,307.6,267.9,567.7,427.7,291.8,429,257.4,154.3,23,0,0,0,0,0
0,0,0,0,0,0,22.4,66.6,121.3,138.6,200.9,412.7,457.8,242.4,266.9,250.5,331.2,395,29.3,0,0,0,0,0
0,0,0,0,0,0,43.5,159.4,398.4,803.6,584.2,628.2,571.4,224.1,137.7,289.8,123.2,76.4,21.7,0,0,0,0,0
0,0,0,0,0,0,57.8,336.8,955,593.2,1786.2,1816.7,1370.5,896.3,834.9,618.2,698.2,234.4,51.6,0,0,0,0,0
0,0,0,0,0,0,22,120.4,340.9,611.5,927.9,2071.3,2145.9,2355.3,1739.1,883.5,698.3,445.7,67.2,0,0,0,0,0
0,0,0,0,0,0,53.2,395.8,859.6,1032.4,571.3,728.8,1184.1,1563.7,1769.2,1192,455.1,315.6,62.7,0,0,0,0,0
0,0,0,0,0,0,39.4,193.6,323.6,608.4,1308.9,837.3,443.2,1065,1453.5,666.4,675.1,408,115.4,0,0,0,0,0
0,0,0,0,0,0,82.2,458,1176.3,1686,2227.1,2473.3,2707.9,2501,2293.4,1790.2,1213.7,549.6,90.4,0,0,0,0,0
0,0,0,0,0,0,85.3,531.2,1166.7,1719.8,2165.6,2550.8,2583.6,2631.8,2145.9,1729.4,1225.1,449.4,62.4,0,0,0,0,0
0,0,0,0,0,0,46.5,238.1,388.9,981.1,1579.8,1640.4,1583.2,917.2,1294.4,1362.4,790.9,268.5,61.7,0,0,0,0,0
0,0,0,0,0,0,29.8,123.1,198.1,238.2,1104.1,1554.8,1999.8,1590.7,1281.9,1101.9,919.1,423.1,85,0,0,0,0,0
0,0,0,0,0,0,54.2,236.6,444.1,871,1546.8,1926.2,1743.6,1432.3,1235.1,874.4,557.9,275,69.1,0,0,0,0,0
0,0,0,0,0,0,68.5,385.6,850.6,1467.1,1919.3,2117.1,2259.6,1891.1,1479.6,1090.3,842.8,419.2,74.9,0,0,0,0,0
0,0,0,0,0,0,52.6,430.5,994,1213.3,2045.6,2270.3,2320.4,2017.9,1980.7,1429,1161.7,573.5,98,0,0,0,0,0
0,0,0,0,0,0,108.7,370.2,628.2,799.9,442.9,302.8,440.7,181.3,258.3,270.2,209.7,106.2,22.9,0,0,0,0,0
0,0,0,0,0,0,80.1,303.4,809,1202.9,1908.6,2171.1,2197.8,2139.8,2161,1653.5,1190.6,515.8,88.6,0,0,0,0,0
0,0,0,0,0,0,94.4,260.9,377.9,542.9,1310.4,1599.9,1653.5,1558.3,1911.4,1351.6,758.7,385.7,68.4,0,0,0,0,0
0,0,0,0,0,0,90.6,432.7,1040.7,1164.4,1001.9,1410,1804.3,1587.5,1349.6,1160.6,844.4,487.3,87.3,0,0,0,0,0
0,0,0,0,0,0,94,551.5,1099.2,1778.8,2153.3,2234.9,1706.3,1316.9,1286.6,774.9,130.4,68.7,36.8,0,0,0,0,0
0,0,0,0,0,0,121.8,468.4,980.2,1464,1870.8,2193.4,2010.9,1720.4,1425.8,921.9,962.5,209.3,59.6,0,0,0,0,0
0,0,0,0,0,0,89.7,426.2,1168.5,1787.8,2300.6,2487.1,2230.8,2172.3,1535.2,1475.6,1234.6,547.4,110.3,0,0,0,0,0
0,0,0,0,0,0,124.2,628.6,760,817.7,349.7,224.6,358.4,449.5,598.2,608.2,354.7,223.3,109.7,0,0,0,0,0
0,0,0,0,0,0,110.1,356.8,582.5,749.1,1482.1,1150.9,649.1,398.5,272.1,173,147,60.2,29.8,0,0,0,0,0
0,0,0,0,0,0,130.5,625.3,1039,2058.3,1589.3,2418,2603.4,2412.2,2027.5,1923.1,1040,463,102,0,0,0,0,0
0,0,0,0,0,0,119.1,576.1,952.8,1321.6,1853.4,2045.1,2218.6,1902.4,1432.3,1331.6,612.4,396.2,100.8,0,0,0,0,0
0,0,0,0,0,0,119.4,596.1,1032.9,1003.5,1682.8,1401,2161.3,2273,1762.8,985,357.1,187.2,58.5,0,0,0,0,0
0,0,0,0,0,7.9,115.4,316.8,633.5,1164.9,2336.8,1682.6,1688.1,1313.2,1314.3,820.8,431,168.8,51.1,0,0,0,0,0
0,0,0,0,0,7.4,99.2,314.2,807,1019,1748.7,2436.1,2329.7,2051.2,804.4,966.3,533.3,223.4,58.9,0,0,0,0,0
0,0,0,0,0,7.6,118,513.2,1128.1,1570.3,1811,1888.1,1326.4,1002.7,798.8,759.3,541.5,229.2,81.1,0,0,0,0,0
0,0,0,0,0,0,67.9,354.7,423.1,882.6,1335.6,2120.4,2136.9,1539.5,839.9,422,237.4,158.9,68.6,0,0,0,0,0
0,0,0,0,0,0,122.1,435.5,777.4,1403.5,815.4,1271.5,918.4,928.6,626.8,447.3,363.1,195.2,47,0,0,0,0,0
0,0,0,0,0,0,139.4,542,1027.7,1663.2,1872.9,1931.8,2265.1,891.9,1427,1549.5,864.6,364.2,94.6,0,0,0,0,0
0,0,0,0,0,0,156.2,635.4,1032.9,1175.9,2152.2,2548.3,2037.3,2577.8,2327,1713,1238.3,567.6,94.3,0,0,0,0,0
0,0,0,0,0,0,101.2,387.4,1005.2,1415.7,1686,1767.8,1909.5,2203.7,651.5,181.5,181.5,60.8,22.8,0,0,0,0,0
0,0,0,0,0,0,68.2,268.1,579.6,1177.5,1925.3,2400.4,2416.2,2438.8,2265.7,1689,1204,529.9,104.5,0,0,0,0,0
0,0,0,0,0,7.3,132.5,340.6,590,1162.2,2351.1,2445.8,2671.3,2604.1,2276.5,1699.3,1156.8,512.8,113.4,0,0,0,0,0
0,0,0,0,0,7.8,152.4,633.5,1269.5,1827.7,2180.2,2462.9,2669,2586.2,2132.8,1557.5,956.2,376.5,90.7,0,0,0,0,0
0,0,0,0,0,7.6,142.6,473.1,1114.5,1710.4,2203.6,2538,2305.5,1796,1424.6,1064.6,791.2,402.2,72.3,0,0,0,0,0
0,0,0,0,0,7.4,194.4,283.4,803.4,1580.5,1878.6,2177.2,887.8,852.1,838.1,705.1,873.7,321.4,86.5,0,0,0,0,0
0,0,0,0,0,7.9,71.1,289.9,362.1,663.3,797.7,1070,1834.3,996.4,486.7,340.9,219.9,73.3,43.3,0,0,0,0,0
0,0,0,0,0,7.7,15.6,38.9,14.6,47.3,407.8,564.9,547.8,538.9,746,1018.8,616,428.5,118.5,7.4,0,0,0,0
0,0,0,0,0,0,29.4,153.1,388,502.8,717.7,726.5,1058.7,657.1,911.4,426.6,263.7,111.7,23.1,0,0,0,0,0
0,0,0,0,0,0,47,160.8,360.1,792.2,1034.4,1485.1,485.3,747,438,758,185.6,134.5,29.7,0,0,0,0,0
0,0,0,0,0,7.9,51.7,100.9,303.1,493.2,1264.5,2298.2,1358.7,1164.8,1553.2,548.5,223.7,97.7,37.6,7.7,0,0,0,0
0,0,0,0,0,0,139.2,408.8,636.6,850.1,1468.8,2211.8,2471.3,1828.7,1225.5,1410,547.7,560.4,95.3,0,0,0,0,0
0,0,0,0,0,7.4,116,325.4,1008.4,1138.5,1499.7,2041,2833.5,2205.9,2138.1,1813.5,1147.8,514.2,117.7,0,0,0,0,0
0,0,0,0,0,15.5,158.9,519.8,1004.3,1548,1849.6,2141,2355.9,2318.3,1912.6,1509.6,983.7,424.4,102.8,0,0,0,0,0
0,0,0,0,0,14.8,161.5,556.3,1099.9,1639.4,2160.4,2236.5,2611.5,2171.3,1527.4,1331.7,598.6,346.6,64.9,7.7,0,0,0,0
0,0,0,0,0,0,15.1,59.8,196.8,179.9,367.2,422.7,201.5,290.1,520.7,537.4,581.9,273.7,93,7.8,0,0,0,0
0,0,0,0,0,0,15.6,62.1,143.6,187.2,181.3,231.6,393.9,536.6,653.1,306.7,397,159.4,68.2,7.7,0,0,0,0
0,0,0,0,0,0,22.3,51.5,205.7,245,346,774.3,659.1,657.4,411.1,311.2,223.2,118.4,38.7,0,0,0,0,0
0,0,0,0,0,14.8,157.9,542.3,1160.5,1589.2,2333.9,2562.2,2739.3,2325.7,2214.5,1627.5,1249.7,500.9,171.5,7.4,0,0,0,0
0,0,0,0,0,7.9,130.6,600.2,871.3,1577.1,2246.3,2005.2,2044.5,1676.3,2128.7,1659.1,1157.1,563.8,126.9,7.9,0,0,0,0
0,0,0,0,0,7.5,116.4,207.3,244,341.6,609.6,687.6,1152.3,2146.6,1996.8,1275.4,1105.7,633,140.3,0,0,0,0,0
0,0,0,0,0,14.7,155.7,411.8,966.9,861.8,910.2,1593.9,1437.7,1258.2,1214.2,679.1,645.4,371.2,99.1,7.6,0,0,0,0
0,0,0,0,0,7.6,66,326.7,448.9,478.6,1624.3,2457.9,2401.6,2305.1,1478,1377.1,778.6,236.8,45.2,7.4,0,0,0,0
0,0,0,0,0,7.9,186,413.9,659.1,957.7,1613.8,2318.6,1934.6,2652.3,2040.5,1291.6,1032.6,571.8,115.5,14.5,0,0,0,0
0,0,0,0,0,14.6,143.7,571.9,1076.5,1625.1,2180.9,2297.1,2378,2282.2,1922.5,1686,1030.7,537.4,123.4,7.7,0,0,0,0
0,0,0,0,0,15.3,171.9,580.9,1121.7,1595.4,2017,2053.1,2095.8,2146.7,2089.2,1526.1,1023.5,461.5,129.7,7.5,0,0,0,0
0,0,0,0,0,15.6,109.7,557.8,600.2,880.4,811.4,1140.7,1884,1597.2,660.8,459.9,410.3,240.5,78.8,7.9,0,0,0,0
0,0,0,0,0,15.8,129.9,396.2,914.6,1164,823,742.1,1507.9,418.7,609.7,214,218,66.2,67.6,7.7,0,0,0,0
0,0,0,0,0,7.8,55.4,109.8,330.4,962.8,1696.7,2423,2575.2,2401.5,2188.5,1695.7,1209.7,576.9,144.7,15.6,0,0,0,0
0,0,0,0,0,15.2,154.6,553.6,1153.8,1557.7,1860.7,2138.7,2454.3,2350.6,2119.2,1603.6,1109.5,542.5,142.5,14.8,0,0,0,0
0,0,0,0,0,21.9,164.6,588.2,1161.2,1841.7,2125.4,2452.5,2428.6,2461,2055.8,1750.1,1103.7,587.8,150,15.6,0,0,0,0
0,0,0,0,0,21.7,156,645.4,1222.3,1767.2,2160.3,1507.2,2415.8,1902,1796,1067.9,515.8,215.1,153,22.8,0,0,0,0
0,0,0,0,0,21.7,158.8,637.2,1188.8,1355,1373.7,2492.4,2330.9,2322.4,2156,1607.5,1069.2,497.2,138,7.7,0,0,0,0
0,0,0,0,0,14.8,151.7,472.3,936.5,1594.9,1867.1,1778.1,1464.8,1933.4,1828.6,1841.7,1200.7,476.6,124.7,14.5,0,0,0,0
0,0,0,0,0,14.6,121.6,239.8,648.6,1108.8,1444,2238,1589.4,1062.6,568.8,108.8,67,21.8,36.8,14.9,0,0,0,0
0,0,0,0,0,15,31.3,70.9,152.3,355.4,678.2,1168.6,1309.3,1410.2,1450.3,687.8,304.4,341.3,47.4,7.8,0,0,0,0
0,0,0,0,0,7.5,14.5,60,255.9,1050.4,1351.4,1813.1,646,601.6,176.1,446.5,257.6,216.9,203.7,31.2,0,0,0,0
0,0,0,0,0,8,69.1,116.5,461.4,943.3,1181.1,1010.3,1668.9,1711.7,1383,769.9,438.6,158.8,89.6,15.5,0,0,0,0
0,0,0,0,0,7.5,47,52.1,173.8,348.8,597.1,755.7,921.6,676,582.8,649,287.4,102.3,31,7.9,0,0,0,0
0,0,0,0,0,7.8,60.6,133.1,261.6,74.1,73.7,66.1,57.7,44.9,36.7,22.1,15.3,14.7,15.1,7.4,0,0,0,0
0,0,0,0,0,15.6,160.9,406.1,720.2,511.4,1103.9,1081.2,865,1079,544,508.1,254.7,278.2,128.5,15.4,0,0,0,0
0,0,0,0,0,15.6,95.4,193.8,294.6,182.2,551.7,1313.9,1178.9,2179.6,2170.7,1319.3,1263.9,436.5,146.5,14.8,0,0,0,0
0,0,0,0,0,15,165.6,360.1,762.2,732,1209.8,843.1,603.1,1132.9,1437.7,1036.9,616.7,377.8,66.2,15.4,0,0,0,0
0,0,0,0,0,29.8,173,447.4,554.8,474.9,1278.4,2323.3,2445.2,2260.8,2217.7,1791.9,1153.3,557.3,154.7,22.1,0,0,0,0
0,0,0,0,0,15.2,147.5,438,1097.6,1179.2,1383,1956.4,1886.3,1931.7,1755.6,1418.8,1036.9,681,143.3,23.4,0,0,0,0
0,0,0,0,0,14.6,157.2,442,1065.1,1754.1,2036.2,2068.3,2426.1,2221.6,1398.5,1287.9,1303.4,689.5,131,22.6,0,0,0,0
0,0,0,0,0,7.6,138.9,532.5,1111.3,1639.2,2068.5,2124.9,2404.2,2437.6,2038,1740.1,1028.3,623,152,14.7,0,0,0,0
0,0,0,0,0,15.9,163.1,418.1,641.6,1298,1819.2,1094.6,1323.8,2321.2,1125.2,542.8,497.7,261.8,115.3,7.6,0,0,0,0
0,0,0,0,0,7.5,105.8,276.3,1087.4,1345.4,2113.2,1918.7,1445.8,1372.4,1815.2,1186.3,516.4,216.9,92.7,15.2,0,0,0,0
0,0,0,0,0,7.7,77.3,233.8,699.2,861.7,519.1,428.7,557.8,669,769.2,132.6,77,37.2,23.2,7.9,0,0,0,0
0,0,0,0,0,7.5,118.6,352.1,603.6,727.9,1267.1,1577.3,1397.7,1593.3,1727.4,1544,1110.6,711.1,193.7,38.4,0,0,0,0
0,0,0,0,0,14.5,115.5,490.8,558.4,1339.2,1517.5,2189.7,2531.3,2275.6,1367.8,1700,1266,714.8,262.7,29.2,0,0,0,0
0,0,0,0,0,15.2,148.1,590.5,1186.5,1668.9,2276.2,2454,2436.4,2564.9,1880.1,1161.1,1307,617.7,165.6,22.4,0,0,0,0
0,0,0,0,0,15.1,119.2,588.8,1224.5,1581.8,2331.3,2209,2185.7,2400.7,2253.4,1963.3,1168.8,589.2,206.9,31.4,0,0,0,0
0,0,0,0,0,14.9,109.7,570.8,998.9,1595.3,1844.4,2392.9,2599,2479,2109,1823.3,1233.3,674,136.9,14.5,0,0,0,0
0,0,0,0,0,7.8,131.8,281.6,1070.3,1682,2201.5,1887.2,1722.4,2015,1405,761.9,549.1,412.2,129.9,15.4,0,0,0,0
0,0,0,0,0,7.7,166.5,435.1,926.9,1392.4,2019.4,1665,1675.2,1632.9,1455.6,1034.4,929.6,428.1,139.9,15.6,0,0,0,0
0,0,0,0,0,7.3,114.1,267.2,567.3,425.2,262.2,649.7,795.9,926.4,305.9,276,304.1,79.6,37,7.9,0,0,0,0
0,0,0,0,0,0,37.7,296.6,675.1,748.9,953,1698.4,1320.2,389.7,871.5,1111.3,359.9,600.5,166,23.5,0,0,0,0
0,0,0,0,0,7.3,76.7,123,185,70.3,205,182.4,140.1,145.1,111.6,115.1,37.9,22.8,14.7,0,0,0,0,0
0,0,0,0,0,7.8,110,370.3,498.5,840.4,1373.1,1442,2373.8,1681.8,1154.4,742.5,780.5,383.6,116.1,14.9,0,0,0,0
0,0,0,0,0,15,141.9,452.7,542,1063.3,1990.1,2024.3,1896.8,1464.8,1342.9,1229.3,872.9,677.8,183.1,14.5,0,0,0,0
0,0,0,0,0,15.5,165.5,427.5,908.8,1573.9,1883.7,2351.7,1935.4,1563.5,1811.9,1591.3,1407.6,497.5,146.8,14.8,0,0,0,0
0,0,0,0,0,0,66.7,359.6,627.9,1490.6,1859.4,2087.1,1723.3,2359.9,1801.4,1424.2,1073.4,518.5,171.3,14.7,0,0,0,0
0,0,0,0,0,7.6,124,498.4,937.3,1462.7,1996,2247,2051,2304,1928.4,1551.9,1066.8,694.5,217,21.8,0,0,0,0
0,0,0,0,0,7.5,116.5,508.1,781.1,1112.6,1987.4,1982.7,2116.6,2310.8,2366,1625.1,1162.4,687.3,172.6,22.1,0,0,0,0
0,0,0,0,0,7.9,121.8,597.7,899.7,1236,2065.9,782.6,935.6,2087.8,2268.8,1581.5,1281.6,697.8,141.8,30.8,0,0,0,0
0,0,0,0,0,7.9,118.1,533.8,752.8,1687.4,1976.1,2064.6,2248.9,2254.6,2011.1,1587.7,861.8,255.6,165.3,14.8,0,0,0,0
0,0,0,0,0,7.7,75.7,532.9,1018.1,1712.6,2121.4,2143.5,2269.1,2043.4,1948.7,1718.1,818.6,472.8,154.9,30.8,0,0,0,0
0,0,0,0,0,15.1,173.3,380.1,885.4,1522.1,1541,1982.1,2111.1,2467.9,1451.6,987.4,695.6,708.4,195.5,15.1,0,0,0,0
0,0,0,0,0,7.6,127,550.4,957.7,1338.2,2113.4,2563.3,2124.1,2220.1,2134.2,1734.7,903,320,60.5,15,0,0,0,0
0,0,0,0,0,0,119.6,549.3,960.3,1544.1,2015.3,2073.4,2342.5,2185.3,1894.7,1217,1013.9,619.4,158.3,15.7,0,0,0,0
0,0,0,0,0,7.8,114.6,449.8,775.6,1732.7,2134.9,2151.4,2230.6,2038,2211.3,1593.8,1076.5,517.6,168.6,15.7,0,0,0,0
0,0,0,0,0,0,117,500,558.3,1019,1791.5,2327.3,2259.5,1920.4,1961.9,1812.9,1133.3,444.6,126.2,15.1,0,0,0,0
0,0,0,0,0,7.8,116.6,562.2,1105,1652.3,2216.9,2412.8,2475.2,1592.4,1912.6,1764.2,1295.2,613.1,80.6,7.4,0,0,0,0
0,0,0,0,0,7.8,93.8,612.2,1132.8,1029.6,1034.5,1414,882.9,1599.8,1784,933.2,1006.6,538.8,200.6,29.2,0,0,0,0
0,0,0,0,0,7.4,108.9,575.7,1017.1,1384.3,1993.7,2429.8,2386.7,2243.8,1502.7,1687.6,939.3,290.7,181,30.6,0,0,0,0
0,0,0,0,0,0,90.2,408,838,1719.9,2047.2,2049.7,2629,2154.5,2119.6,1559.8,1373.1,904.1,179.2,23.1,0,0,0,0
0,0,0,0,0,0,123.8,563.6,993.6,1691.8,1868.1,1487.1,1242.5,2262.9,2080.1,1754.9,893.8,672.7,145.8,7.7,0,0,0,0
0,0,0,0,0,7.9,94.5,532.5,724.8,936.1,2232.4,2137.2,1628.2,1584.7,987.5,1059.8,829.7,748,158.8,23.5,0,0,0,0
0,0,0,0,0,7.8,124.8,541.3,1203.2,1673.7,2051,2359,2453.1,1956.5,2078.1,1738.5,503.2,206.3,101.8,7.6,0,0,0,0
0,0,0,0,0,7.6,94.2,446.9,868.5,1834.4,2214.6,2760.9,1052.2,2144.3,1539.4,1500.8,398.1,162.6,68.9,7.8,0,0,0,0
0,0,0,0,0,0,100.6,563.3,1191,1784.8,2291.9,2589.4,2521.6,2643.2,1429.9,391.2,323.6,264.7,116.2,7.6,0,0,0,0
0,0,0,0,0,0,95.1,438,882.3,1518.3,1758.6,2316,2311.2,2501.3,2260.6,1799.1,1243.5,686.2,149,15,0,0,0,0
0,0,0,0,0,0,109.6,552.5,1149.1,1723.2,2101.7,2472.9,2586,2405.1,2282.8,1654.9,1321.5,729.3,157.3,21.9,0,0,0,0
0,0,0,0,0,0,89.7,480,755.1,1401.4,2069.3,2438.4,2234.7,2671.4,2308.9,1948.8,1563.7,960.9,218.7,31.6,0,0,0,0
0,0,0,0,0,7.4,109.8,252.1,876.3,1498.4,2048.9,2546.2,2525.9,2337.5,2252,1803.9,1130.9,668.4,175.3,14.6,0,0,0,0
0,0,0,0,0,14.6,118.7,547.5,971.5,1465.7,2244.9,2220.3,2673,2539.8,2117.1,1397.8,887.2,264.2,133.7,22.2,0,0,0,0
0,0,0,0,0,0,104,327.3,216,1582.5,980.9,363.5,319.2,2633.5,2064.6,424.9,449.1,464.4,141.9,15.8,0,0,0,0
0,0,0,0,0,0,102.2,418.7,975.6,1545.1,1573,268.6,2069.2,1453.7,1030.5,710,337.7,409.7,156,7.9,0,0,0,0
0,0,0,0,0,0,67.5,38.5,197.2,413,300.2,405.2,84.8,70.4,300.2,445.9,51,61.2,68.4,15.1,0,0,0,0
0,0,0,0,0,0,120.3,712.2,867.4,1037.3,1978.8,1744.2,1854.2,2311.9,1528.8,728,792.1,280.9,95.3,14.7,0,0,0,0
0,0,0,0,0,0,89.3,375.5,1169.4,1383.6,1262.7,2296.3,2427.5,2518.1,1933.8,1534.8,1142.3,534.6,151.1,7.7,0,0,0,0
0,0,0,0,0,0,86.8,403.2,650.3,615.3,151,155.8,429.4,1169.7,838.3,638.3,295.3,215.2,98.2,7.6,0,0,0,0
0,0,0,0,0,0,95.5,459.5,978.1,1470.2,1604.8,2320.4,1728.8,1726.5,1085,349.7,274.5,115.3,53.5,7.6,0,0,0,0
0,0,0,0,0,0,93.8,526.4,1126,1495.3,2078.4,1778.4,2035.7,2003.6,1844,1417.9,1166.8,462.1,139.3,7.7,0,0,0,0
0,0,0,0,0,0,97.1,553.8,1177.5,1781.8,2254.7,2395.3,2530.4,2568.2,1412.8,1032.2,757.1,393.1,108.3,7.6,0,0,0,0
0,0,0,0,0,0,80.5,589.4,750.6,1691,2017.8,1615,872,263.7,535.6,232.7,760.7,758.4,131,7.4,0,0,0,0
0,0,0,0,0,0,104.3,386.7,953.9,1532.3,1939,2343,2681.5,1703.4,2168.4,1418,1207.4,348.7,132.4,7.9,0,0,0,0
0,0,0,0,0,0,118.9,560.4,1066.4,1327.7,1827.7,2576.8,2547.4,2580.6,2254.2,1819.1,969.8,631.7,119.4,7.4,0,0,0,0
0,0,0,0,0,0,92.1,546.2,1169,1575.6,1991.6,2531.3,1469.4,1527.9,1316.8,1758.3,1184.1,611.2,124.9,7.9,0,0,0,0
0,0,0,0,0,0,98.7,341.9,928.7,1124,1104.8,2192.1,2242.4,2532.5,2215.4,1586.3,880.3,508.8,118.3,7.3,0,0,0,0
0,0,0,0,0,0,73.5,311.7,534.6,631.7,770.6,868.1,1129.8,1109.5,1291,1307.9,696.7,290.1,125.5,15.4,0,0,0,0
0,0,0,0,0,0,87.3,522.5,1153.3,1377.6,2057.2,2623.3,2085.1,516.7,804.3,1025.4,663.6,446.2,88.5,0,0,0,0,0
0,0,0,0,0,0,88.4,562.5,1049.7,1486.7,1630.8,1685.3,996.8,1371.9,1540,914.1,174.9,290.1,86.1,0,0,0,0,0
0,0,0,0,0,0,102,483.2,393.9,1065.5,1919,2446.6,2615.1,2437,2392.9,1571.1,993.5,156.2,55.3,0,0,0,0,0
0,0,0,0,0,0,74,387.5,1171.3,1109.5,2314,2570.7,2668.8,2688,2167.2,1794.2,1082.9,450.3,95.4,0,0,0,0,0
0,0,0,0,0,0,65.4,501,1103.7,1765.1,2036.1,2508.8,2339.2,2645.8,2236.8,1351.9,1170.6,587.4,70.6,0,0,0,0,0
0,0,0,0,0,0,82.3,438.4,872,1627.3,2107.9,2482.2,2633.2,2271.2,2022.4,1860.8,1237.7,468.7,113.5,0,0,0,0,0
0,0,0,0,0,0,91,355.7,1122.7,1600.6,2200.7,2559.3,2546.8,2322.7,2266.1,1788.5,1189.3,640.9,116.2,0,0,0,0,0
0,0,0,0,0,0,62,292.3,1103.7,1478.6,2223.1,1316.9,1834,1607.6,2216.7,1383.6,1143.3,584.9,123.2,0,0,0,0,0
0,0,0,0,0,0,88.4,533.7,1204,1688.6,2341,2197.4,2608.6,2741,2160.4,1774.8,1166.3,628,129.8,0,0,0,0,0
0,0,0,0,0,0,81.9,585.6,1273,1350.1,1758.6,2509.3,2204.4,1790.2,1508.7,1477.1,1030.6,405.9,68.6,0,0,0,0,0
0,0,0,0,0,0,65.8,274.7,501,699.2,1589.2,2121.2,1950.8,2223.9,1420.9,769.8,609.7,472.9,54.9,0,0,0,0,0
0,0,0,0,0,0,80.7,508.5,819.4,828.1,1855.8,707.7,395.4,522.2,2173.9,746.2,1119.1,219.9,38.1,0,0,0,0,0
0,0,0,0,0,0,88.8,569.8,1257.2,1186.7,2016.5,2346,2628.1,1721.9,2380.9,1863.6,1223.3,518.7,94.5,0,0,0,0,0
0,0,0,0,0,0,107.9,706.7,1198.8,1746.8,1743.6,1757.5,1664.1,1297.5,2059.5,1795.2,1155.5,402.5,86.1,0,0,0,0,0
0,0,0,0,0,0,116.8,386.8,555.1,1659.7,1982.7,2086.4,2205.9,1824.2,2135.7,1782.1,1196.3,427,81.4,0,0,0,0,0
0,0,0,0,0,0,62.4,508.1,1116.2,1706.7,2227.4,2311.5,2253.4,2459.3,2224,1631.7,1257.5,550.6,93,0,0,0,0,0
0,0,0,0,0,0,82.8,584.3,1196.3,1803.6,2173.8,2465.5,2516.2,2388.3,2321.8,1756.5,1224.7,567.2,84.5,0,0,0,0,0
0,0,0,0,0,0,82.1,598.7,1262.8,1773.2,2171,1987.9,1662.2,2409.7,2070,1764.2,1199.7,549.6,86.1,0,0,0,0,0
0,0,0,0,0,0,91,557.8,1290,1855.7,2321,2424.3,2491.8,2305,2011.1,1725.4,1151.4,516.2,74.2,0,0,0,0,0
0,0,0,0,0,0,67,380.5,874.3,1211,1475.2,2445.5,1985.5,2250.4,1698.3,1739,777.9,303.9,61.9,0,0,0,0,0
0,0,0,0,0,0,53.5,457.6,640,1408.5,1031.5,1932.3,2705,1919.5,1743.6,1271.8,596.6,296.2,51.6,0,0,0,0,0
0,0,0,0,0,0,90.9,632,994.5,1815.7,1541.9,1726.5,1133.7,2606.5,2042.2,1749,1168.5,547.5,68.1,0,0,0,0,0
0,0,0,0,0,0,84.2,625.8,1379.9,1660.2,1773.2,2603.6,2394,1272.9,581.1,461.4,786.5,644.3,77.6,0,0,0,0,0
0,0,0,0,0,0,87.9,595.6,957.7,1862.2,1844.8,2172.3,2556.9,2148.4,2224.2,1659.1,1098.9,268.7,59.5,0,0,0,0,0
0,0,0,0,0,0,52.3,613.5,1298.1,1872.4,2475.7,2542.9,2595.9,2429.2,2379.4,1797.8,1182.6,543.6,58.1,0,0,0,0,0
0,0,0,0,0,0,52.3,351.7,1264.3,1593.7,2070.6,2506.9,2437.6,301.4,305.6,111.4,204.7,115.6,22.4,0,0,0,0,0
0,0,0,0,0,0,51.1,550.5,1223.1,1277.3,2171.3,2244.4,1656.6,2329.8,1972.1,926.4,1031,454.7,39,0,0,0,0,0
0,0,0,0,0,0,51.1,569.8,1290.4,1727.1,1496.1,1716.9,2228.4,1920.9,1831,1666.2,1108.4,420.8,44.2,0,0,0,0,0
0,0,0,0,0,0,67.1,418.4,1071.4,1194.1,1412.7,2044.1,1889.3,1516.5,694.1,322.1,596.8,207.7,22.7,0,0,0,0,0
0,0,0,0,0,0,29.6,240.7,519.5,707.4,775.8,1178.8,1693.7,1820.2,1170.6,896.3,618.4,168.8,22.9,0,0,0,0,0
0,0,0,0,0,0,36.9,419.5,905.8,1219.9,1967.7,2282.8,1166.7,1685.6,1593.4,1096.7,478.2,229.9,38.6,0,0,0,0,0
0,0,0,0,0,0,52,284.1,1171.2,671.5,1257.2,1593.7,1939.7,1469.4,1617.6,1809.8,1033.4,349.5,51.6,0,0,0,0,0
0,0,0,0,0,0,45.4,689.1,896,1862.4,2256.9,2094.3,1645.5,2389.7,1950.1,1728.8,1095.3,419.2,29.1,0,0,0,0,0
0,0,0,0,0,0,54.9,449.4,998.4,1782.6,1541.9,1618.5,1979.8,2124.8,999.2,1289.3,444.8,214.1,38.1,0,0,0,0,0
0,0,0,0,0,0,37,371.6,1179.8,1699,2263,2370.7,2437.6,2485,2150.9,1801.5,1127.4,402.8,30.4,0,0,0,0,0
0,0,0,0,0,0,77.1,602,1220.6,1529.2,531.3,2361.7,1956.5,1897.8,2514.3,900.7,313.4,148.9,22.3,0,0,0,0,0
0,0,0,0,0,0,70.5,602,1109.4,1077.7,2271.5,2521.6,2552.4,2563.5,2083.2,1618.7,1112.8,395.9,22.9,0,0,0,0,0
0,0,0,0,0,0,0,61.6,134.7,335.6,351,622.2,576.7,607.6,1289.1,1154.2,633.9,225.6,15.2,0,0,0,0,0
0,0,0,0,0,0,73.8,599.7,868.5,1068.4,1321.6,1740.3,2409.7,1228.2,859.3,722.6,440.7,193.7,21.8,0,0,0,0,0
0,0,0,0,0,0,0,104.6,219.7,715.6,1274.4,825,588.7,961.5,619.8,559.9,505.6,124.9,14.8,0,0,0,0,0
0,0,0,0,0,0,31.4,124.2,227.1,456,783.6,720.4,546.1,444.4,274.8,237,295.3,70.4,7.3,0,0,0,0,0
0,0,0,0,0,0,7.3,38.9,95.7,153.8,232.5,378.6,792.8,621.8,302.4,299,214.6,81.2,7.3,0,0,0,0,0
0,0,0,0,0,0,14.5,76.1,245.9,685.7,849.5,990.3,1161.9,816,552.8,385.5,105.6,70.4,0,0,0,0,0,0
0,0,0,0,0,0,15.9,238.9,731.3,1885.5,1836.7,1008.1,2280.1,2509.4,2152.1,1561.2,936.7,343.8,15.4,0,0,0,0,0
0,0,0,0,0,0,22.2,220.1,505.3,1659.3,1550.7,1549.5,2219.8,2465.2,2138.3,1618.9,1006,416.2,15.3,0,0,0,0,0
0,0,0,0,0,0,37.1,214.4,798.7,1284.3,1659.5,2478.8,2484.3,2503.9,2142.3,1780.4,1051.5,418.8,14.5,0,0,0,0,0
0,0,0,0,0,0,97,511.7,1285.4,1823.7,1995.8,2031,1755.5,2675.2,2197.4,1728.1,810.8,200.6,15.5,0,0,0,0,0
0,0,0,0,0,0,38.3,430.6,1272.3,1749.8,1987.6,2074.6,733.6,713.5,1355.8,625,428.3,175.8,7.5,0,0,0,0,0
0,0,0,0,0,0,15.2,532.8,1283.2,1951.2,2376.4,2631.1,2669,2508.8,2183,1657.8,1053.4,346.5,15.6,0,0,0,0,0
0,0,0,0,0,0,90.4,653.4,1377.8,1627,1591.5,2624.5,2455.6,2442.2,2208.2,1684,1093,360.8,7.7,0,0,0,0,0
0,0,0,0,0,0,84.8,701.2,1265.2,1781,1838.7,1726.2,1757.6,1837.8,1324.4,1122.9,686.4,190,7.5,0,0,0,0,0
0,0,0,0,0,0,43.8,540.8,1237.4,1806.6,2138.8,2231.4,1907.9,1610,1199,1189.8,795,176.3,7.9,0,0,0,0,0
0,0,0,0,0,0,30.2,180.8,701.9,1461.7,1399.2,1422.8,991.4,928.1,833.9,291.8,142.2,83,0,0,0,0,0,0
0,0,0,0,0,0,22.2,88.8,130.7,262.4,327,680.2,688.9,916.9,643.5,411.6,204.2,93.9,0,0,0,0,0,0
0,0,0,0,0,0,46.7,503.4,1289.3,1838.3,1984.6,2589.6,2448.5,2253.4,1974.5,1578.5,980.2,295.8,0,0,0,0,0,0
0,0,0,0,0,0,29.1,358.1,798.3,1590.4,1892.8,1695.1,2227.1,2246,1427.1,1180.5,523.1,138.5,0,0,0,0,0,0
0,0,0,0,0,0,38,360.1,955.6,1127,1190.1,1971.7,1620.6,1304.1,345.4,178.9,83.6,45.9,0,0,0,0,0,0
0,0,0,0,0,0,46.8,256.1,181.7,194.3,346.6,289.3,689.1,661.7,1657.4,1426.4,816.9,193.8,0,0,0,0,0,0
0,0,0,0,0,0,52.7,553.5,1115.5,1574.5,2155.4,2581.1,2560.4,2346.1,2140,1513.7,881.8,277.7,0,0,0,0,0,0
0,0,0,0,0,0,43.5,647,1306.7,1767.5,2247.8,2555.8,2494.6,2445.1,2128.7,1695.3,933.6,296.1,0,0,0,0,0,0
0,0,0,0,0,0,30.1,415.7,1236.6,1667.2,2213.4,2478.3,1836,2297.3,1692.6,1494.3,895.7,233.4,0,0,0,0,0,0
0,0,0,0,0,0,22.1,364,488.1,1331.7,2221.9,2270.4,2262.8,1848.9,1805.3,1520.4,781.8,209,0,0,0,0,0,0
0,0,0,0,0,0,22.5,239.7,602.5,1070,1837.8,1772.7,1403.3,2085.7,2127.5,1565.1,829.8,218.8,0,0,0,0,0,0
0,0,0,0,0,0,38.9,247.2,405.2,1115.2,1088,1880,2425.3,2256.1,1902.4,1181.9,320.8,61.3,0,0,0,0,0,0
0,0,0,0,0,0,22.4,120.4,309.7,825.1,845.3,1018,1755.6,1393.6,881.8,817.7,293.9,74.2,0,0,0,0,0,0
0,0,0,0,0,0,14.6,117.5,336.9,907.3,1611.1,1745.3,1264.8,1634.1,2062.9,961.9,527.7,157.6,0,0,0,0,0,0
0,0,0,0,0,0,23.4,532.8,1151.8,1623.5,2034,2384.2,2473.3,2059.1,1627,1459.9,777.4,136.9,0,0,0,0,0,0
0,0,0,0,0,0,29.7,476.2,1224,1891.6,2298.6,2593.2,2576.7,2463.9,2111.4,1591.9,833.3,218.6,0,0,0,0,0,0
0,0,0,0,0,0,23.3,327.6,1056.7,1629.9,2070.4,2301.6,2392.9,2316,2025.9,1431,730.7,115.5,0,0,0,0,0,0
0,0,0,0,0,0,7.5,104.2,169,215.1,388.2,619.4,749.8,1636.3,1040.4,388.9,110.9,45.7,0,0,0,0,0,0
0,0,0,0,0,0,30.2,574.1,1380.6,1290.3,187.6,438.8,825.9,466.6,122.2,203.9,213.3,44.4,0,0,0,0,0,0
0,0,0,0,0,0,14.9,134.1,295.9,350.2,394.6,553.7,1017,1260.9,623,461,166.2,30.3,0,0,0,0,0,0
0,0,0,0,0,0,37.1,257.6,1049.8,1464.1,1379.3,1655.6,1142.5,1913.4,1215.6,819.4,307.4,280.9,0,0,0,0,0,0
0,0,0,0,0,0,15.8,380.9,828.9,1262.1,1566.2,1457.9,1363.4,728.6,497,347,272.7,58.5,0,0,0,0,0,0
0,0,0,0,0,0,15.3,528.9,1235.7,1706.2,1822.5,1897.6,1592.8,1845.4,1868.8,1131.8,487.3,100.8,0,0,0,0,0,0
0,0,0,0,0,0,15.8,593.7,1316.6,1818.5,2298.5,1212.8,2419.5,2284.9,2111.1,1641.1,1007.7,220.6,0,0,0,0,0,0
0,0,0,0,0,0,15.7,171.3,997.4,1889.5,1765.3,2229.1,1894.8,1721.6,1226.7,1224.3,430.3,44.5,0,0,0,0,0,0
0,0,0,0,0,0,7.3,129.7,364.9,1276.3,858.7,1336.9,1608,1353.3,1386.8,1031.5,660.3,67.8,0,0,0,0,0,0
0,0,0,0,0,0,14.7,217.4,764.9,1903.6,2398.6,2358.7,2841.1,2429.8,1603.6,1295.6,780.8,142.2,0,0,0,0,0,0
0,0,0,0,0,0,15,539.4,1187.6,1313,1593.9,1361.4,1785.7,1559.1,1174.5,888.6,414.6,62.4,0,0,0,0,0,0
0,0,0,0,0,0,14.5,169.3,585.1,1358.7,1547.2,1970.6,1667.8,1451.6,1262.2,1073.4,540.1,193.8,0,0,0,0,0,0
0,0,0,0,0,0,7.4,132,1089,1874.9,1749.5,1785.3,1521.5,2005.3,1715.8,1123.4,724.8,85.6,0,0,0,0,0,0
0,0,0,0,0,0,7.5,217.6,835.9,1526.4,1083.9,1069.3,1523.4,1186.9,1058.7,618.2,228.6,54.9,0,0,0,0,0,0
0,0,0,0,0,0,7.7,258.1,799.8,1067,2074.2,2290.6,2401,2177.2,1807,1353.5,633.1,99.9,0,0,0,0,0,0
0,0,0,0,0,0,0,129.8,343.2,833.5,1149.1,2008.3,2137.2,1565.2,503.2,354.8,137.3,14.6,0,0,0,0,0,0
0,0,0,0,0,0,0,99.8,255.6,312.4,419.6,283,525.6,433.4,299.1,403.6,155.8,60.8,0,0,0,0,0,0
0,0,0,0,0,0,0,160.2,396.6,171.6,474.2,373.8,380.8,311.2,449.4,534.7,183.5,47.1,0,0,0,0,0,0
0,0,0,0,0,0,7.5,109,651.5,1308.9,1189.6,1268.3,1248.6,694.5,655.9,601.6,117.1,37.8,0,0,0,0,0,0
0,0,0,0,0,0,0,81.7,158.8,251.7,366.6,446.1,361.2,415.7,366.8,221.5,106.3,22.5,0,0,0,0,0,0
0,0,0,0,0,0,0,39,183.8,922.9,1241.3,1135.7,1110.1,1196.6,1442.2,441.6,268.1,22.3,0,0,0,0,0,0
0,0,0,0,0,0,0,93.5,207.3,335.3,728.8,1517.3,1594.9,438.8,496,141.2,61.3,7.7,0,0,0,0,0,0
0,0,0,0,0,0,0,39.3,142.4,171,223.2,451.1,2135,2115.5,1576.2,1150.4,446.9,55.2,0,0,0,0,0,0
0,0,0,0,0,0,0,110.7,1303.7,1712.5,1232.4,853.9,2206.5,1489.5,1430.1,525.4,645.5,94.6,0,0,0,0,0,0
0,0,0,0,0,0,0,104.5,379.2,396.2,836.1,1098.8,909.3,936.4,729,244.1,116.6,38,0,0,0,0,0,0
0,0,0,0,0,0,0,126.4,394.7,947.4,876.7,1460.2,1466.2,1667.3,1061,1379.9,478.2,44.6,0,0,0,0,0,0
0,0,0,0,0,0,0,122.5,441.6,781.8,919.1,407.7,885.4,810,622.2,234.4,148.6,31.6,0,0,0,0,0,0
0,0,0,0,0,0,0,44.3,162.8,421,556.3,586.2,515.3,503.9,460.3,273.4,108.8,23.3,0,0,0,0,0,0
0,0,0,0,0,0,0,241.7,687.1,895.2,591.7,1290,1299.4,463.7,493.1,210,102.2,15.7,0,0,0,0,0,0
0,0,0,0,0,0,0,291.3,1170.9,1717.5,2132.7,1366.1,2142.9,2396.3,2030.1,1413.9,434.2,54.3,0,0,0,0,0,0
0,0,0,0,0,0,0,180,997.1,1478.2,2307.1,2527.8,2612,2488.6,1707.9,1414.4,824.1,138.4,0,0,0,0,0,0
0,0,0,0,0,0,0,289.1,785.2,1057.6,2076.1,1691.8,1471.1,1464.3,1023.6,467.8,560.4,60.3,0,0,0,0,0,0
0,0,0,0,0,0,0,261.2,899.6,1587.5,1297.9,1918.9,1103.7,1723.7,1952.2,751.9,521.4,89.9,0,0,0,0,0,0
0,0,0,0,0,0,0,283.7,983.9,1616.7,2093.9,2342.1,2339.4,2367.3,1783.6,804.8,62.7,23.1,0,0,0,0,0,0
0,0,0,0,0,0,0,31.1,375.9,372,629.5,1113.9,549.1,528.8,323.9,722.2,423.1,43.8,0,0,0,0,0,0
0,0,0,0,0,0,0,346.9,961.6,1736.2,1575.3,684.4,1265.1,2048,891.8,1181,412.6,74.4,0,0,0,0,0,0
0,0,0,0,0,0,0,50.9,278.2,1494.6,2223.8,1651.1,2128.8,2347,1965.4,881.2,205.4,31.6,0,0,0,0,0,0
0,0,0,0,0,0,0,98,794.6,1680.1,2120,2468.6,2632.4,2377.8,1932.7,1323.8,667.2,39.5,0,0,0,0,0,0
0,0,0,0,0,0,0,231.1,930.1,1704.7,2085.3,2497.7,2703.3,2325.3,1959.2,1482,628.2,38.9,0,0,0,0,0,0
0,0,0,0,0,0,0,102.6,280.2,901.4,1007.5,865.9,829.5,1012.1,948.6,382.1,169.6,30.8,0,0,0,0,0,0
0,0,0,0,0,0,0,52.3,126.1,352.7,375.7,254.7,260.1,300.3,323.6,115.7,115.4,22.6,0,0,0,0,0,0
0,0,0,0,0,0,0,72.4,862.9,1473.5,2142,1334.2,1743.4,1986.9,1718.2,882.1,188.2,21.9,0,0,0,0,0,0
0,0,0,0,0,0,0,38.3,105.5,418.2,2213.8,1094.2,1266,2127.8,1804.5,1094.8,750.2,104.1,0,0,0,0,0,0
0,0,0,0,0,0,0,59.7,239.6,258.3,639.4,885.6,2460,2130,1822.5,1332.9,631.4,36.3,0,0,0,0,0,0
0,0,0,0,0,0,0,52.2,730,1114.2,1289.2,397.1,1506.7,826.7,1404.7,1396.5,355.1,37.1,0,0,0,0,0,0
0,0,0,0,0,0,0,162.5,975.8,1949.9,2028.4,1296.4,531.2,202.3,199.2,273,125.2,22.7,0,0,0,0,0,0
0,0,0,0,0,0,0,7.6,84.2,115.7,116.3,191.6,364.2,802.9,181.7,43.8,47.1,14.9,0,0,0,0,0,0
0,0,0,0,0,0,0,38.1,231.3,444.1,1157.7,1724.9,855.3,216.4,471.8,416.2,102.1,7.4,0,0,0,0,0,0
0,0,0,0,0,0,0,7.8,167.3,565.6,1017.9,2125.1,2148.6,1751.6,1181.7,825,414.6,252.5,0,0,0,0,0,0
0,0,0,0,0,0,0,51.5,928.7,687.7,311.1,2156.2,2581,1339.2,831.4,560,128.1,45.3,0,0,0,0,0,0
0,0,0,0,0,0,0,283,166.2,423.5,968.9,495.9,798.8,1657.9,630.1,384.2,137.1,30.8,0,0,0,0,0,0
0,0,0,0,0,0,0,189.8,401.8,339.2,277.9,733.6,1137.4,662.8,1052.2,1063.3,823.4,188.6,0,0,0,0,0,0
0,0,0,0,0,0,0,59.4,687.1,1330.7,1411.6,1316.9,1360.8,636.6,566.2,414.2,119.8,23.6,0,0,0,0,0,0
0,0,0,0,0,0,0,15.8,77.3,95.5,105,146,264.7,447,513.4,142,46.3,15.8,0,0,0,0,0,0
0,0,0,0,0,0,0,14.5,189.5,275.8,309.4,477,360.8,303.6,271.5,123.2,59.3,15,0,0,0,0,0,0
0,0,0,0,0,0,0,14.9,198.6,1344.2,790.4,994.3,1656.6,1830.3,841.2,243.6,293.7,46.8,0,0,0,0,0,0
0,0,0,0,0,0,0,204.7,994.5,1617.5,2193.8,2407.3,1708.4,2292.5,1633.5,1641.1,955,180.4,0,0,0,0,0,0
0,0,0,0,0,0,0,175.8,896.1,1662.6,1950.2,1994.6,2438.3,2543.6,2197.7,1593.6,927.9,175.8,0,0,0,0,0,0
0,0,0,0,0,0,0,183.4,902.3,1646.1,2118.8,2442.9,2519.3,2371,2044.8,1522.7,799.2,169.3,0,0,0,0,0,0
0,0,0,0,0,0,0,137,835.9,1460.4,1921.7,1759.9,700.5,1267.7,1990.4,1276.9,408.7,46.6,0,0,0,0,0,0
0,0,0,0,0,0,0,45.2,275.1,453.2,690.3,568.9,329.6,362.1,287.5,80.8,38.4,7.6,0,0,0,0,0,0
0,0,0,0,0,0,0,7.7,71.2,123.8,129.9,309.7,351.5,351.8,401.1,197,80.6,15.4,0,0,0,0,0,0
0,0,0,0,0,0,0,189.6,908.8,1120.8,1071.1,1714.2,1336,787.1,477.9,439.3,568.6,46.7,0,0,0,0,0,0
0,0,0,0,0,0,0,23.1,140.3,553,1202,1791.8,1885.8,2595.7,2103.6,1633.5,914.3,175.9,0,0,0,0,0,0
0,0,0,0,0,0,0,259.1,962.2,1731.5,2181.7,2394.1,2673,2529.6,2252.1,748.8,800.3,138.4,0,0,0,0,0,0
0,0,0,0,0,0,0,119.5,614.6,773.6,573.9,502.4,316.9,442.3,472.8,404.1,195.7,39.2,0,0,0,0,0,0
